-- phpMyAdmin SQL Dump
-- version 5.2.1
-- https://www.phpmyadmin.net/
--
-- Host: localhost
-- Generation Time: Aug 26, 2024 at 12:43 PM
-- Server version: 10.4.28-MariaDB
-- PHP Version: 8.2.4

SET SQL_MODE = "NO_AUTO_VALUE_ON_ZERO";
START TRANSACTION;
SET time_zone = "+00:00";


/*!40101 SET @OLD_CHARACTER_SET_CLIENT=@@CHARACTER_SET_CLIENT */;
/*!40101 SET @OLD_CHARACTER_SET_RESULTS=@@CHARACTER_SET_RESULTS */;
/*!40101 SET @OLD_COLLATION_CONNECTION=@@COLLATION_CONNECTION */;
/*!40101 SET NAMES utf8mb4 */;

--
-- Database: `library`
--

-- --------------------------------------------------------

--
-- Table structure for table `books`
--

CREATE TABLE `books` (
  `id` int(11) NOT NULL,
  `book_name` varchar(50) NOT NULL,
  `author_name` varchar(50) NOT NULL,
  `price` int(11) NOT NULL,
  `genre` varchar(50) NOT NULL,
  `quantity` int(11) NOT NULL,
  `imageUrl` text DEFAULT NULL
) ENGINE=InnoDB DEFAULT CHARSET=utf8mb4 COLLATE=utf8mb4_general_ci;

--
-- Dumping data for table `books`
--

INSERT INTO `books` (`id`, `book_name`, `author_name`, `price`, `genre`, `quantity`, `imageUrl`) VALUES
(1, 'The Great Gatsby', 'F. Scott Fitzgerald', 10, 'Fiction', 50, 'https://i0.wp.com/americanwritersmuseum.org/wp-content/uploads/2018/02/CK-3.jpg?resize=267%2C400&ssl=1'),
(2, '1984', 'George Orwell', 15, 'Dystopian', 20, 'data:image/jpeg;base64,/9j/4AAQSkZJRgABAQAAAQABAAD/2wCEAAkGBxMTEhUSExMWFRUXFxoXGBgVGBcYFxgaGhgYGhoYFxgYHSggGBolHRgXITEhJSkrLi4uGB8zODMtNygtLisBCgoKDg0OGxAQGy0mICUyLS0tLS0vLS0tLS0tLS8tLy0tLS0tLS0tLS0tLS0tLS0tLS0tLS0tLS0tLS0tLS0tLf/AABEIAR8AsAMBIgACEQEDEQH/xAAcAAACAgMBAQAAAAAAAAAAAAAFBgMEAQIHAAj/xABMEAACAQIDBAUGCwUGBgEFAAABAhEAAwQSIQUGMUETIlFhcRQyQoGRsSMkM1JicpKhssHRNFSC0vAVFlNjk+FDRHOiwvHTB2SEo7P/xAAaAQACAwEBAAAAAAAAAAAAAAABAgADBAUG/8QANhEAAQICBgYJBAMBAQAAAAAAAQACAxEEBRIhMXETMkFRwdEiM0JSYYGRoeEUFbHwIzRyYiT/2gAMAwEAAhEDEQA/AAeFw9x3yIMzGSBIExrz0qw+7WK5WW8Myfd1vuqTdBiMUvPR9D9U+ykpcQzaC4wM82bmfGuYxhcTevWU+nRIEUMaAbk4Ju5izB6Fu3zl/m04ip03exZ0Nlp+smuv1uNJmS6c0s6lRJJZvv11qk2IucM7/ab9asEAntD0+VmNcRmjpMHuuhPuxizr0LTr6Sa93ncajXdvGDXoW+0ns86ka3jn4F38czfrWb15+Od+/rt+tT6d2/2+UPvcTuhPZ3axZHyLfaXj9qoBu9iwZ6FuOvWTwPpUj28Y49N4+s36167ffjnfv6zfrU+mdv8Ab5U+9xO6E8Xd3MXHyLaaecvb9asJu9i9fgW4n0l56fOpJTEORGd/tN+ta28S8+e/2m/Wj9O7f7fKP3t/dCdl3fxQPyR0I9JOWnzqw+wMVoOhbh85O361L2xNj4rFP8FmCA9a6zMttBzJadfASa03g2VisK8Xs4B81wzG2/YVeY9Rg91Jor5WhP8AfFH70/GwEx/2HiY+Sb7S8/4qxb2Dip+Rbl6SfzUl3MS0ee/2m/WvLiWA89u3zm/Wn+ndv9vlT747uBOv9hYktl6JpEjivHief9RVq3u3ijlHQEllz6so04fOrn1nEPm89/tN2eNZuYp+rFx9B85v1ofTO3+3yga8fsaE9f2Bi2k+TEAfSXTu87jUy7tYsT8C0wPSTSeXncaQLeIuGfhH9bt7eNbXMe/K4/Aek361Ppn7/b5UNexJaoT2dgYsaCy3ecyewdbj31E+7uLEDoW1+lb/AJqRUv3Dp0j/AGm/WrqWbobIGeY45miO2Z4UDAcO0PT5TMrmM7BgPqm1d38Up+SYnT0k5mNOt3jWqmJsPabJclSGggwT28u6ljDY1ukTrseuvpNHnDv1pw3s1xd2TPX4+oaVW9hY4AlbqvrB9JeWuAElZ3UtkYtCozwG6pMHgefCuf2QpfrkqAZ0Bnj91dJ3JuL5WmsGH0Onomud3AM2uvGraPrOGXFcytjZjtMtiOYraCG2A7HK40YDXTtHOgTKDzzDkRp/6qO8CQAOAmAeOtRoxkAcezmfVzrRDh2AsNLpX1DgZSu/fdbrh2LBVBYsQABqSToBHbTjgtysumJxGV9Cbdi2151nUdIw6qevTvqruGcuLYEBbwsXOhW4IBukDKOtzIzRUe9WznSxaW6xNxCvSJMjNeW5cJcAkG8CjS3NXTspHvJdZBkswAlNEr26+BXVnxR7fhMEg/730ra7jNn2rYsothkJzN0ua/ccxGt2z1bEcshc/R40io0aVhxz5UdCTrOKlpOiYXZZ1yuDzFrF2Svq8oKP7RU639l2esli2zduIv8ATf8A67GdT4GPGkQ61gnSpoZ4k+qFpO20N8rdxgjh2twQsKi2bbQcrLhQSLoBjS454aAVHhN71RjbXMtkgDKyLctNwkmwWHRAmdLbQJ800mGsnjU0DMEbZTnfOzrxk2raE/4F4Wxx1It3zbC+AmoXw+zlJhSY1AvYm2AewRhy7n1DnSkONeUc5qaGW0qWvBOlvEYG4nRuLQhj0fRE2GSeJLX+rdB+kwOg04VGu7eEc/BtiAo0zM+EaTzgI3Dwmk+JrFxQf60qaI7HFNpN4ThidzSQfJ79t7kE9FcVrVxo45M+j+I076UTaMkEQQYIOhBGhEHnTNsDZd25YiwR0zFntpIHyJtaICQA56WZnzVIjrGtN/Avlrrb6zZE6QJ1gLmXrgZeMaeugx5DrJM1HAETCA2lXTMcq9sE/dzNF7mNQ29CQnmzrmPL2xQAmSe3nUqgxlJ0mY7+FO9gcr6LSzAtSAvCzYQdKmUyM6wYj0hxp93ltAYq4JnVeHM5Fkk0k4QddOA66/iFO+9jgYu5Guq8NB5q86zUjXb58F0Kld/K6W5TbpLOMQdz/hNc5LkHQ866fuWScWpOujcR9E1za5aBY8uPCjRj0neXFJXV8YZLC354j2U4bEuXreCt+SsBdxOKKAgqDCWtElvNJJnlQ3ZWw7QtJfvy/SuUs2Q3R54IU3LlzXo7YYhZ7TRu98QDMhu27ZW05sjobr2r9wXAQt11YKQtuZEmD4VZFeHdEfC5QErysbWxSthbN2+rXLlvOynF9HmuMwKi0qocz21brljljIBx4J+N2rcuAKwREUlgltcq5jEseJZiABLE8K12jtI3bmciAFVFWSSFUQAWOrHiSTxJNVs4p2Qw0JSZrBE61pmitivZWp76tSrw0rE14isGiovE1kVrWaiizWT2VrWZoKLJPKsgRWs14DvqKK9gtqvbBQKjITmy3FzANEZ1OhVo0kETzmmnCXUXClsKro7PbbPh8mYOUW30Dhjmtp0vXBAMhxHOkotHCrOy9omy5YKCCuVhOUxIYFWHmsGVWB7Vqp8OYuTtdJHtvYi7cwga+4a7ZxT2WOkmbYY6rxgrE0sdJTtatjGqLlwvdUW3dLBNqybl0OEaXQDkVM8esOAmgm1NlWjbOIsZlRX6O7bZs5tn0WS5/wAS20GD2/csNwHRPwoRO9B8KZuJJ9NfxCn/AHtt/HbsSfN4a+gvOkbBBc6ED017/SFdA3vufG7p1iU7vRWqqTrjI8F2KkuiuyUW6DP5UoQng3P6J7a54LpBP510fdQAYxSJ0Dcx8091I2z9ndPdS0rQXcLJjSTx7/DnwoUcgOdPw4oV3fGbLcmbbW1Gs4ayLZAPQ4W2YGnWS/duKQwIIJNuQeMClbF7Te4FVoCrOVEVUQE8SFQASe3jRbfC4pKopIBPSZeORci27KnsbokDEcjcjlS+6d9aITRZmuQ43rbMO6mTc3Yli+mMu3gzLh7PSBVYrJhzrHHRNBPOlcJ307//AE6sFsPtNcwUNhwCTwEreEk8gJn1UYpky5BuKM4vcrBWr2MlHa3Zw1u+i9I4IJ6fMJnrT0QjN217dvc3BX7Fi46XJxBukHOwyKrNkEAxIAEnWTV/CYK/aO0UxuI6c+R2yXtgKRa+NAgAACRDEeIoluaB0GAyFsnw+SSJyy+UnviJrG57gMf2SsACX9h7jYO7Zw2cP0l21cJcOw66MoDZZgcTpEVDsTcrB3LGG6QXOlv4d7pcOwAYG1ELwgC52GY1pq3dJFjCMBmZbF8qsgFzmTQE8KD4fBYm9hdneS4hcPcXCsSWAcspFnMoUg88uvhUtumb9vNSQSVvFsrC2MDg7io/T4myr5sxKhh0ZclSdJDMAAKYd2NysHew+Ga50huX7dxywYgLlIiANNAe+aHb4m1/ZmzsxbpPJ16IAdXhZz5/4eEc6ddzHAw2zZ/d7vvt1Y97gyc9p4oNAmlvZG5WDu4fDls4uXcK90sGaA6i1rBMemdIitsVuThD0zIrhRgVvp13MXWz6nXUdUacKYt3bkYXBMozOuBu5U0BcnoDEnwA9dT7CvhsLh3P/Fwliz68jn86qMV4nemshLGO3T2fZsXLzW7jdHasXCA7yc7HOBJiSBp2ULsbr4ZjsjqtGLDdN1260IG016up5U67de10ONW8WFpbeFS5k88LxbLPOCaC4WJ3fA+a3/8AJYpmvdKcz+hAgLnm8mCSzi79q2Dkt3XRQSSQAYGvE1QBjl/Xto3vcnx7FT/j3Of0jQg2v6n/AGra3VE1UcV6xjnQFRBQnMVdVdM0QGysCJjnTNgMc93B385zMbF+SQNehexcQdgC9K0ADQUqC33UybqXlhrTCQCzlQTL23To76D6QQI4HE9GRSRQJTTNxS7hWPSJr6a/iFPe9luMZd8V/AvfSk2CNrEdEwBa3dCkjgSrxNO29wPll3qgebwj5i91Z6QZubLceC7FSda7Jbbl3fjakgahzwJ4Ke+knYJzYq0CAesx4c1VmHPkQD6qdtzUZcWkxEPwP0T2Umbs2ScZZgwc5OokQFYsPWsj10IOLsualdS0zclFvEx6djoCy2rhgQC1y0jsY72Yn10NDUZ3ntjyh41BW1k5EIbVvICBzCZQe8GhRSOwVrYeiFxjiopPI06//Tnr2dpWZ69zCwgJiTF0e9l9tJpvVGW1mi9tpskAZFdz2onSXdoIhUlsBaRTOhYti14+OlabkgLhsGGZfgenS5B81lZw0n+tNa4vh8A7gEL1fEe6o8TZysVI15jj4cONZ9ACLM/2UleWxGgOLTI7V3LdW6ptYAjUGzfPtZCKr7sXFNnAOGWFwly2xkeeWw6hfGVIiuNLs24fRjxIFavgHickg66QfupdA09r9v5qzQRwJ2D6FOe+GEZtmbNuggraw4zydRn6FFgc9actybqnCYFg4At2LwcyOqQUkHwg1xKKsJgHInLoe2BNWPgizIneqYTHvPQaTku0bsT0Oz4b/kbvZ/8AbUN2JtDLs7ZPW87EWrfLSOlU+4Vyk7PfXqzB14carleRGtKIAO39v5oxGxGSttIXaNr2GxA2rZQ9dmw1tZIAJNu3EnkJNVtm4B2TYlwEZbKS8kAjMqII7dTXJbGGZtFEx4fnUy7Nc8F+8ctDzqaEAStfspJ2QYrxNrCUY38wjpjr5aIuO9xYM9U3HXXsMo2nhQCs38OyGCINR5+6tLBIBZ3gtcQRIrMUR3fuZb2fmlu86zGjpZdkbXmGAI7wKG56LbuMOmknqi3dLjtQWXLqO8rIHeaETVKAxWNqEDGMFgDpV0U9XUqTGvCSabt6MQTi7pzE9YcDyyrpoeVK+17BXGuCFkXh5oyrxBAA5CIpm3pw6ririwF83QH6KzyrJGlNuXJdqpSRGdkiO591fK01nR+H1T20i7vYgri7RVQTnI6xMQQwY6diyfVTZuhbzYxROnX7z5poDuts74W3c6O9IZuuFzWx1WGsKTOtLCkLWQ4qV0JR25IZvJeJxDcly2gmvoC1bCE6DrFcpPeTQ4KTTNvXs5FvEhwYS2uR84uQttFBjo1EQo17QaXLpj9K2QzNokuM4XrQW6lt2CxhR4nkPGos+lEdjMozZiBwiSBPGi8kNmtNCgsjRmseZBErCwoUctP/AHVBUHlB7hP3AfnRNnHKh1kfGH+r/LWVm0r1lLY3+FowtD2BV25cCgsdAKjwx6inXgKj2gfg28PzFb4Q9RfAUsujNX6Qmk2NgbP3+EPuWh5QBynN90+8UVZoEknhQ9z8YHh+Rq7iPNbj5p91O++SyUFohiMW94/hYwlwMuYTGY0N2ykOD2j3aVc2T8mOPOqu2fOXjwPvpmXRFlpxt1c1zsbj6rfYqwGbXiB+f50Qwwkc/Ob8RqtshYtjjqSfy/KrGG0B+s34jSRDMlbKuZYgwh4E+sihW2T8J/CPzqiNaIbYINz+EfnQ4rWqHqheWrD+1EzK9lohsL5XXzTbuhz2IbThyO8LJHeBQ5Wo/uthBcuRnHWS4uRc5uQyMpMBCIgn1kVIhk0rI3FVdq3GONcsAG6YSFMjiIg9kQfXTZvc58suyZ1Xj9VaCbfwUYgubd4E3Fl2XKh1Hm9UHu15ijO8tkeVXMp5jj9Uc6xxSCW5cl2al652SKbkCMUkDk/D6p9tJGw3Tyu0HIylypkSOsConlEkanhxpt3UvOcSgXTqvw4+aedJm69wJjLJYhQGbU6AHI4H3kVIIvflzUrnrxkvbydW+yDTIttGAkddLSK41j0w1C1BNF95LcYhg3nBLQYTJzizbDhj2hgQe8VRAAFa4eqFxiL1CqVox7KwzzW4Xtp0ExWB1F8B7hVK0fh3+qP/ABq4h6oA7B7hVSwPh3+r/LWNvaXto+EH/Q/BUu0fkm/rmK3wnya+AqPH6228PzFb4bzF+qKHY81YP7h/yPyqtz9oHh+Rq7f8xuPmn3UNx1zJeDdgH6UVgFRxg9unEd9F+DSqKE4OdHh7bR91W2WPgx4mqm3B1l8D76I4a0AsDgGPvoVjX6R4E8lE6c/96dl75rNT5MoDIRxMh6IvhbUIvHzR/vWmzTKA9pJ8dTUrGAe4H7hUGz0+DX1++qsQSum0WY0OHuaeAQ3bY+E9Q/OqStV/bDfCfwj86oMsVsh6oXjqw/tRMyslaubESbuTm6XUXSZdrThP+4jXlVFWijO7YJukLqzWryoOZY2bgUD6UxHfUiXNKyDFQ7Vur5W5SMnSgLpA0IGnYJBpt3kceVPpB6uh4eYvOlnbqhsbcZSGBvDgZnUTB586Y96W+N3I4SvHj5i8ayRcW5cl2alH8zsuKn3Lu5cWs8OvqeA6ppb3Xsjyu11c3WJ80sZVWIIUA8CAfVTbulbXypAQDIYevKaTthY10vqiFYLGZVDwVjxKk8qELtS3c01cyMduS33nwFy3dLtacAraklGUZ+it55kaHNNAbjzRfea+Guktbhylts2bk9tHAygAelx50Lt2uZrXD1RNcVwvWbVvhXr71sTl9w/Wq9OlTHh/NXwHuqi93LfM89D6wI/KiFgdUeA9woTirBuXmAidDr4CssORJmvX1g57YUIwxMzEvRGFUHQ8/dUWG81fAUPv4a4qE59ByBNEMH5i6eiKVzQBir6PSXRY0nMLSBt8SqWIWcQo7gfYCaJ3jCk9gn7jQ67+0j6v/iav4nzG48D7qjuykolwjn/p34UezXLW5PEkzHjVe9am+neJP8M/7VJsf5MceJrN5fh0+q1TB580pAiUSFa3sPupdpaW2Pd79KxsuDaX1z7TVsoCPvFVLJ07pb8RpRqyWww//SIk+yRLzCFbY+U/hH51VBmjG11m2NNQ35GggMGtcIzavJVpD0dKdfjf6rLLRXd7CXc/SLbcxbu5GCFhn6J8kacc0QeXGhwNFt376I5YWczLbuMSWmQltmIylSNco15VIk7JksAF69tkqca4VcnwoOUjLE5W4ECNTPDnTZvblbFXNNZUSPqL91KG3MSxxRTQKtxYAVBHm+kFBPbTXvPc+N3AdDKa/wAC8ew1kigzblyXZqbrnZcVvurjAuKSZAh5jieqfupM3aE4yzByw5MiD5qs0QdCDEeBNOW69oPiVHc+vZ1TSdu1IxVoggHOdSJAENm05nLProwZdPLmmruWmbkt95F+MM2sMtplB4qrWrbKmnHKpCjuUc6GzGtX94Ls4hm0ClbZUDknRJkUzxIXKCeZBNDSZNa4eqFxDivM01vaStFXnyqUtpNMojoPVUdw91U7A+Hc/R/lqza81fAe6tcOg6dhMDLxPgs/nWQbV7SOQBB/0PwVrtI/Bt4fmKlwPya6chUeMTMjAcTw99TYYAImvoj3Up1JK0f2y7ZZ4qjdPxkeH5GiWKHUf6poVcb4wPD/AMTRfEEFWEiSDGtF/ZVNEMxGA7zvwquxR8GPX76q7fHWT6p99Xdj2yEAOhkg6j9aqbeGq9w95pm9asdLuq1oO5qHI2nhRbBDqL6/eaCJxo9gvk17RPvNPHwWOoj/ADnLiFQ2kev4KPZrVG8vP21a2q0XJ7h+dQEzVjNULn1hfSYmZUCtFF9gOBdDGYVLjED0gLbkoe5gMp7jQl1ir+wHi9J1TJcLjtQW3zgdjFZg9tF+qVjGKl27YK4u5rJ6WTy4kHlw4xp2U0b0H43c8V/CtLu1Z8reWDHpfOUQCJEEDlpGlM+9dn43cIGsqSPFVOlZIp1cuS7VTdc7Livbn2M2LUcNH/CaXt2FQXlZ1SAx65uqGWQw+TLiZ4SeFMe57Ri01+d+E0m7AE4u1MwXI6ok6giQOcTPgDQhCZdkOKNcXR25K/vfYsi8cj6hUAQAMsBFAPSLcYcBEa8O+l8CiO8NspiHQycgtprzy2kWRqeqYkHmIPOqBrXDuYFxnYrcHlWlxp0rGatadKUbsY+3AknQDkeMVVu4sBy41HDXSdINU14VrcPKqxDAK6Mas40RrWmVxBEvBGU2lbPaPEfpXhtJFTtIHIUGtDWtrvChoWq01zSTfdPJebEkvn5zP+3so4m1UIM6aHlP30vINRVuIB8D7qZ8Nrlno1Yx4BJaZzvM1fOOtjWTqxOgPCq+MfOT2cB/X30Pq4Dw9RqCGG3oUinxY7bDpS8FTo1g8agUAzPhQe4sEitrZ0ovYHC9JRaW+jPLmS3XqXaTgvK8IHGoLbcqzeH3VFTNEhJUxojokQvOJU7LIopuvZtm71n1KOrKQFGUqVbrm4ORI5HWeVDLZnWiOyLM3sq8Xt3bemsZ7TrmP0RMnuBpH6pCQYq1t0IL5KqkG4OuLysx1HG2HOXs7+NMW8axibniv4RrSbte5mxlwwQDeHnCDoQNRy4T66cN4zGLuKe1Y7uqvHurJFErOXJdipuudlxUW7Sk4pQOx+X0TSpu1cVcVZLGBmI58WVlHDXiQKbt1EPlSxHBuPZlM0tbnpONsmJAZyZIA+TeJLEKNY4mjCOvlzTV1PTNyUG8v7QyzORbVsxwzJZto0HmMynWhjGmLezCut7OxTS3ZU/C2mbMli2rHKrknUHXnS6TWuEQWhcU4rU1lRWKs2MMxXMAI8V5dxM05IQAWtQMZqa6RH3Vm1hGJA0APOVP3AzQmFCvYbgTXr/DxNFU2aEthrh7xqAY+rBProdtDE5oAAAHYqA+MqoPqpQZm5EiQVa0NR41ZbhXtn3bQdc6mAdTm/LKfzpgw2PwWue23HTnpHOEHOg5xGxFoS3awzsOqjt9VWPuFXrWBvZR8Fc+w36U04TefAWh1cKjGAOtbTT1i3rU1rfzDgR5FbieWXh4ZKqMWIcGogN3pLxOz7sg9Fc1HzG/Twqkpg/dXTU302e8dJYUawYtK8AjnA7hVPbm7eHxFpb+DI1WYXIo75VVERHAkeqgKQQZPElC3ckSq5EUTv4KFDDjHWWQSCJkzP3UPuDnWhpmlIWLTwaL7BE3sg0L27ttZ0GZ7TqoJ5SSB66C0f3awrsxZcnyd1RNy2Gl7TqpgsCNTx5UsUyaVGqvtrKcY7J5vSgDjyIB468QeNN2937bd/h/AtLO3ROMcwQGugzoeOUzIJDa9hpk3tUjGXJiZXu9BayxcW5cl2ql652XFa7qlvKlhZMNpMeiaWd1cZcXFW1W46qWaVDMF8xzwBGtNe5/7Wng/wCFqTd3UzYuyJI65aQYMqGYa+KipCl08uaFdde3JEN8NoNcvEMlssbdpi8MX61m2xGZmOgJMClwijG9A+Ms0RnW3ciZANyzbcgfRGaAOQAFCIrXCEmBcZ2KLbAw4Zp5ggA66TxIi4n510nEbOtIhYKTlHzrhJj/APJ1Nc63dYyyjjoRoTw48Lbns7K6gnwltSFYZgG0Vx4/8v21ipRNoXq+HqpWxm2MPbRWXDloOo68CZ1jyg9g9tB8XvtcOlq2iTxgXAfb0pp6ubrrctwyIpcyIJBieBU2hBjtqgNwUV5ZOrrGXr6j5wGHOnDxmq4caBtRc1+xc7xWNuXD12zRwkkxy0knsFUb7a0w7y7Jaw5m3A4eaVHcRNtBqPHnS7cOproQyCJhUOEjeiOxti38R1rQGk8WVZgToCdaZNh7j4i446ZuiGhgZXY+oMI5e2h25m3buHc9HExzUmV1+bbYgyeNdJ2Jt1LxMsFutyKXFnXkzABuWgrLSYsVk5BWQ2NK53vnu2mEVChnNxMEd3Nz29nrpbw97KwZYlSGEiRIM6jmK6/vdshsVaa3mth0JKzI1OsSQeOh0HKuTX9l3kYq1pwR9FhPeJExT0WNbZJxvSxGyNyIbY3jfEqBctWNOBRGQj2PHtFXd2lv4W2mMWTauOVdPnKumaMwlvOjTl31S2Hu1fxDhSptpxZ3BACzrlMQW4wO6ukY3BWzYFhQVRVCqACTCnj1UbXQnURxpI8VjJMG3HJFrSb0K3l2YMvToTDQSJaNefyqjs4DnXMmHKujbZxzWsN0DBjABkq4AUTrrYifzrnE09FtWTNCItDR/dbaLWrhKImZbV5s0MHOW075SwYdWVGndQFxRLd1st8PxyW7twCYBKWnYBu1SQARzEjnWiIJtKrGKKbx4u4cW6G4xQXVhczFfR1AJPjTFvcpOLucyCv4F0pQ2soXGXFEn4adTJ1IJknjqact6/2y7y8z8C1jiiRblyXaqbrnZcVHul+1p4P+E0m7uW5xdkAkdcmREwAxIE9oBHrpz3TQ+Vrx4Pw19E0tbrugvIG6EwzaFbnTHqt5pVSIHPuqQjK1lzUrnrxkqW87E4l2PpLbcDQBVazbZUAHoqCFHcooXFH97WsG8cgcNlSMsC3lyLl0Zc0xHdGWKBWhrWuGegFxzip7DZWBEadsa9vGuhbtbStR0ZKgP5si0IJHWEF5Fc9RaMbBxrBhbzsCOskM4g8SAFYa8+HbVceHbanhukV2/BX1KrEaACREDwykj2GrF4AqTAYcCNDMn/agW7O1Fu9VgcxiQRcPWjkXJ0MdukUdvkBcuWRx0gc/17q4D2Fr5FaZ3JI322QhUtA00PyYJUHvdSSp7u2uQYm3lYiQeYIymR29UmPCa+j9q2fgmiRlBIgsOWshSJrlm8OxOMZmXiVPSkqY4qGJH6eFdOhx7pFVRWTvSDauQwMiRw0H50e2XfS51LhQE6ahACDzklY7NPGje71kH4G4zER1STeDaej1WAiOAHZTDh9z8OxzBYYayRfB9TG4K0RaQ1uskYw7ELwOPx9mQmXFD0bbG0SoHEh1uFj6weFGrG2blwKLmBYMPndAyjuBLj3CidvZBWBnkARq16T6+kmrYwjCAuXlObMxmdYYmYrmvisN8hP0V4aVrc0HBNOCkeaOyBz1HDSqGIW2iF7gtwNSzxp3EtwqTa+0Vsg5spcx1VRixnsgHs50qYtcTidSGtW57LqyJnUKRm93fQhQi683BBxS7vRtoYlyllEVF5/Br48T3DgaWa6HtXBCxZVFUrrOnTA5QDJPWAA1rnldijkWejgszxIrNEd3Wi+GOoS3ddl4hwtlyUPcwBU9xoeKO7qjD9L1805HzZyOjy5Dm0VS3Ce6JmrIlzSlGKq7aQrjbgLFiLw1MAmSCJjTgQNOynXez9ruH6n4FpX3iK+UGDZnpBoou9NxXzyygf7RTPvQJxt3vKe3ItY4pnZy5Ls1N1zsuKtboGMWp7njxymkDdxiMZZIGY5zpoDBDBiJ0kKSfVT3uo84xOwBx/2mT/XZSHu88Yu0YLdciFEk5lZdPbUgYvy5qVz1zclneXTEMOSraVTMhlWzbVXB7GUBvXVW0IFW9uIPKSusIttJOmbJaRcwn0WiR2gg1g2V6LOZzFiABECImfbWppk0LkBpcSoQKqhzMjjM/wBCrN0wp9lVBVgSpt2Nj4K3EgHUMItx3gxh/dMTXWNkbUS4qlmgkBQSeBjVWOVQO7SuDbJv5Lg4wSAYn26MJI10mnjZ+0WRswaVPEBl1HaJxGhrBSaOHK9jyupYxxDCNYj2kHX1fnSdtKyUc5coXj5iGOH+UdPXRjBbXtsk5lYHvthwYOhLXzMdlQDGKxjplBPBYUxpw5zwnjXNaCw4K6YklttnWrjddLckTKoqtyPEWNeNXMPhWURmDAdqoTHZPQa0WNlZabhnuLADUchp21XbGW10W6jk9pUx453H3VcYhOCC8cReDeeQOyBw5a9BUV25cbR2DDsIX/4a1vXXJJzrw4Sser4xoKr4rGBAS91V00hln1Dyg0A1QrPkagkqlseCJm7+t0Ek1Rv4lbagvln0VhZbx+A4d9D8bvJcPVtwPpErJHh08ClvG7TK88zn6RP2mF5tfGtUOASekq3OkpN4MbmBYxmfQQEgL3fArHtnWl8Gtr95nOZjJ76jrosaGiSocZlbkUT3ct5r2U6K1u6rNMBFNpwznuUS3qqp0am3mBMggEGI1BOnsq5u8JvZeGe3dtzBIXPZdczRwUTJPIAnlQeZtKJaWkTWdusTjrpK5T03CQSBIAkjThB07ac97j8cu+KfgWkzbr5sbcMEfDRDCGEEDUcuFOe9w+OXfFfwLWWN2cuS69S9c7Litd0CPLE8H/Ca55YvtbcXEMMrZlPeDz7RyI5gmuhbnN8bXwf8JrnapmaO+pRtZ3lxUrvrhkmvebCplS4vDMAg7LNy0t60vgpa6g7lUcqE4UrBVyAp8ZB7Vge+mnauGW9h8OekVM1ixlmTJs9LZuKqqCWfr24UCTQLbGxHw+rNIkKZV7bqSCwzI4BggGGEg5SJkRTw3AtsnFcsOLHWpIVjrMAFWDqNSRyJ+cOX+9Ulq3bxYWCFUzOaRqdeE8hEVrfRQM6+a3Lmp5qf64Gr2ki4pojGFtphzHJYwSHNPcf0/OjWzMe9vqlur3ltNR2co7BQvBnQ9p09n/upA2sVHCapBkmxsZdUo1otqCZAvEEGP8uCInlWf7xXgTmA8IvD162zSct/I4OUEcSCFM8ebAxVkY+0ZLAJ3BLbffkFUOgg4hWW012t5H1lJ0/zf/irF3eW56NtR49MfuFsUuYe5aaSCvrS0PuIqQi32p9mzSaFs8EbXii1/bmIfQuVGnmC8p9vRz99UHvOdSzE9p6afabdDbmNsjhDHs6NBPrymKGYnFF9IVR2BUn7QUGrWw5YBKXoljtrEdVGk8yC0DwmCDQhmJ1JkniTqT661rNXhoCrJJXqntYeRLMFXv1J8APfWMOo85vNHL5x7K2v4rPMqoOkQNfCeyKUk4BXMawNtP8AIc1tiWGgQjL65ntaRxpj3TtItp7rCdXLjmbNi2txk8HuPZU9oBHOhGx9hXL4zAwCSFCo9x2yxmIRBOUZgCxgSQBJphwVhLWBxBzq8WXUssxmxF22qrqAQ+WzJUiRIkVXEIlIJXOtutEJWS61y8txzmdrisx7SWBNPm9i/Hbviv4FpEwI+ET66/iFP+9wjG3gORT8C1TSNYefBdWpOudkq25p+Np4P+E0iYYQWPq/WnndH9rTth48cppLyxp2VKPrO8uKFddcMkY2TtoW16K5bN21mzrlcpctv8+044HtHA0zYZPLEBZbaWW6PCWLd57rPcdA7fKW4IMMesZHd2oNHsFcF3CLY8qt4e7avm7bNx2tyHt5WAYDQyB7TTxGDELlAnBC9v7H6BlZVforihkZtQDrmt5wMrMrBhpxEGNaoI8KRyOvrHP2SPXTpcSwLdrCL0bXbudLi4PNfUKFm05zMA94OoM6QM3AUA29sFsOJzMRmyMtxOjuIxXMoZQzKysskMrEaEaRTsiA3FC8XhVLIhR4T7f6FeU8dK2Kd/8AXL7q0DCrEqqYhjmOmnD7qrstSuQST3nT11EadAry16t7K8alagoFWNYAqW5WgNFRYFerINbRUUXnbQDs954/l7KIbD2UbxLMG6JYBIkBnZlRLeeCFJLgk6kAHThVjYuwTfAMvqSqLbTpLj5QpcwWVVVcy9YtxYAUby2XtXcN8Gl60y20GMLWctsWxmZACQl03MznjIPMRVL4gFwTyneVLir4wiNlFu5hjnwlxbDXUe3cDG4evckzM68DHKgO1ttC6q2rVvorKsXy5i73Ljcbt1zqzxp3VPtp1t4VMOMRbv3GvteutbYuNECKCxGp1PsoFYGsUsJglaKhKt4LR0P01/EKf98EPllwsBMrqOzIvH+udImD+USfnr+IU/72keV3tZkqPai1VSdYLrVN1pyVLcwfG1PYH9pU/wC9JluyzEhRPhTvueIxKDucnxKmkey3XGuXXjwjXjUg4uRraRpDZ4SCu3NmPlQhSTrmHZ2fdQS95xntpkx21Fa3cVSVJEKeE9o7tJpYir4JcR0lipjILSNEZ/FyYdw76riijP0fTWblhH4ZHeMpnlqI8SKvbWwOKKWbDIXuWwOkjVx0QdbYC+c9uHZukEgl46uWKUCKZtmb3YkJ0dzo8QgAAXEILkeDaHlzJoPY4OtNWUESkVTOz7wHWsXgP+m494qAkCe0cRzHiKYre96j/krA/wCm1y3+E1axO8OEu2s9zpLbrI6MquJJkaNauXwej4wZkdg50Lbxi1SQSLbtFh1VLfVBPuqNxBhgQew6fcacDvpZAyrhbrD/ADMXd+5FGRfUKkvb14O5bZWs4i0xVssXjftzlMApekATzAmjpH90oSG9BdmbFzWzcdgsmFHAkxInQkcQeHA6kV7aOyci9IjZlHHtB5g6Dh3gduokhr2LlFwXJC21AfrBWUguJTrTqQ2YRB6w4yIp7WshekLMHVkFzMAqhi0yBkABAi6I14g86r0ptKywJJIZM2igk9gE+6o7iFfOBX6wI99O2J3owiABLN+7EateNlTpyt2YUfZFVU3vsHR8LdUf5eKuH/suDI3rFWCI/ulVlo3pSVZMASTwA1Psq8uzL54WLxHdauH/AMaZ7e8mEspmti5ddm+TAXC5dPOutYA6VjMaaacBxNY73qwjyKwf+o1y5+I1NI84NRkN6m2Ns/FGy+GVTbuN1U5PkuMhuZwDmtovRq2cxrKgHNoO39xaXMa5RswVUtlvnsiwzd+uk91b4vezEOhtKUs2zxXDoLYM8iQZ++gF0cD6qkNrrVpyhN0li1bLGAJPZV0YFxbzBesGnvjhVG0YYUW8tCnog/i/KY/XnTRC7YtdEZBcDpPLzWMOpW5bnmyH1EinvfFpxt096/gWue7MPWTtDqD9oV0De0/HLviv4FrNSNYea2VPLTOluUG6n7Up7n/CaXm3Sxv7s/tT+artpnU5lJU66qYPtFWVx18n5W7/AKjfrVbXOYZhbqbV5pD7QdK5A8Rulj5A8mf7Vvn/ABf1Naf3M2h+6v8Aat/z0Xfad8knpbupn5RvVz7IqVdo34+Wu/6j/rVmnieHus32QntoH/czaH7q/wBq3/PVixudjgo+LPqT6Vvw+d3UT/tC/wD410TP/Efl66nvY2+IXpbuYADW40d541NPE8PdA1IR2kI/uhjv3Z/an81R390Mdl/Zn1IHnW/H53dRny/EZiOlunXT4RuHfrWuIx2I0+Gu6kn5RuQjt76GnieHuoKlJ7SX/wC5uP8A3V/tW/569/czH/ur/at/z0ZG0MR/jXf9Rv1rP9o4j/Gu/wCo360fqInh7o/Yz31psrYO0LaZWwjOJgBjaMDsEkiNeYMcor20d38e/wDyhVdNFNvXWRMMBx7APXAq1Z2hiMvy13if+I3d31m5jb8a3bvH/Eb9aTSvnOQ91DUrsLaX8RupjI/Zm4j0k7/pVX/uljv3Z/tW/wCamF8bfyn4W5y9NvneNReXX/8AFu8T/wARv1pxHieCn2QntIIN0sb+7P8Aat/zVYs7p42P2ZuMecnP+KiYx9//ABbnL02/Wt7GOva/C3OHz27T31DHieCn2QjtId/dXGTHkzfat/zVrf3UxuU/Fm01863/ADUX8uvT8rc+2361umNvaTducx57cxHbU08TwQ+ynvJd/uhjv3ZvtW/5qyNzsf8Aur/at/z0ZXH3/wDGu8vTbl66yMff/wAW7/qN+tHTxPBH7Ge8h+zd08ctxJwzAFl9K3yIPzvGmnew/HLviv4FoQcdfmemuyDI+Ebl66y7MxzEliYMkyfaaqe5zzMrZQqvNGeXTnML/9k='),
(3, 'To Kill a Mockingbird', 'Harper Lee', 12, 'Classic', 4, 'https://media.glamour.com/photos/56e1f3c462b398fa64cbd304/master/w_1600%2Cc_limit/entertainment-2016-02-18-main.jpg'),
(4, 'The Catcher in the Rye', 'J.D. Salinger', 10, 'Classic', 2, 'https://example.com/images/catcher.jpg'),
(5, 'Moby-Dick', 'Herman Melville', 20, 'Adventure', 1, 'https://example.com/images/mobydick.jpg');

-- --------------------------------------------------------

--
-- Table structure for table `members`
--

CREATE TABLE `members` (
  `id` int(11) NOT NULL,
  `name` varchar(100) NOT NULL,
  `email` varchar(100) NOT NULL
) ENGINE=InnoDB DEFAULT CHARSET=utf8mb4 COLLATE=utf8mb4_general_ci;

--
-- Dumping data for table `members`
--

INSERT INTO `members` (`id`, `name`, `email`) VALUES
(1, 'John Doe', 'john.doe@example.com'),
(2, 'Jane Smith', 'jane.smith@example.com'),
(3, 'Alice Johnson', 'alice.johnson@example.com'),
(4, 'Bob Brown', 'bob.brown@example.com'),
(5, 'Charlie Davis', 'charlie.davis@example.com');

-- --------------------------------------------------------

--
-- Table structure for table `rentals`
--

CREATE TABLE `rentals` (
  `id` int(11) NOT NULL,
  `book_id` int(11) NOT NULL,
  `member_id` int(11) NOT NULL,
  `rental_date` date NOT NULL,
  `return_date` date DEFAULT NULL
) ENGINE=InnoDB DEFAULT CHARSET=utf8mb4 COLLATE=utf8mb4_general_ci;

--
-- Dumping data for table `rentals`
--

INSERT INTO `rentals` (`id`, `book_id`, `member_id`, `rental_date`, `return_date`) VALUES
(1, 1, 1, '2023-10-01', '2023-10-15'),
(2, 2, 2, '2023-10-02', '2023-10-16'),
(3, 3, 3, '2023-10-03', '2023-10-17'),
(4, 4, 4, '2023-10-04', '2023-10-18'),
(5, 5, 5, '2023-10-05', '2023-10-19');

--
-- Indexes for dumped tables
--

--
-- Indexes for table `books`
--
ALTER TABLE `books`
  ADD PRIMARY KEY (`id`);

--
-- Indexes for table `members`
--
ALTER TABLE `members`
  ADD PRIMARY KEY (`id`),
  ADD UNIQUE KEY `email` (`email`);

--
-- Indexes for table `rentals`
--
ALTER TABLE `rentals`
  ADD PRIMARY KEY (`id`),
  ADD KEY `book_id` (`book_id`),
  ADD KEY `member_id` (`member_id`);

--
-- AUTO_INCREMENT for dumped tables
--

--
-- AUTO_INCREMENT for table `books`
--
ALTER TABLE `books`
  MODIFY `id` int(11) NOT NULL AUTO_INCREMENT, AUTO_INCREMENT=16;

--
-- AUTO_INCREMENT for table `members`
--
ALTER TABLE `members`
  MODIFY `id` int(11) NOT NULL AUTO_INCREMENT, AUTO_INCREMENT=16;

--
-- AUTO_INCREMENT for table `rentals`
--
ALTER TABLE `rentals`
  MODIFY `id` int(11) NOT NULL AUTO_INCREMENT, AUTO_INCREMENT=6;

--
-- Constraints for dumped tables
--

--
-- Constraints for table `rentals`
--
ALTER TABLE `rentals`
  ADD CONSTRAINT `rentals_ibfk_1` FOREIGN KEY (`book_id`) REFERENCES `books` (`id`),
  ADD CONSTRAINT `rentals_ibfk_2` FOREIGN KEY (`member_id`) REFERENCES `members` (`id`);
COMMIT;

/*!40101 SET CHARACTER_SET_CLIENT=@OLD_CHARACTER_SET_CLIENT */;
/*!40101 SET CHARACTER_SET_RESULTS=@OLD_CHARACTER_SET_RESULTS */;
/*!40101 SET COLLATION_CONNECTION=@OLD_COLLATION_CONNECTION */;
